Input (Roman),Ground Truth,Vanilla Prediction,Attention Prediction
ankamlo,అంకంలో,ఆంకంలో,అంకంలో
ankamloo,అంకంలో,ఆంకంలో,అంకంలో
ankelanu,అంకెలను,ఆంకెలను,అంకెలను
antaavaa,అంటావా,అంటవా,అంటావా
andar,అండర్,ఆండర్,అండర్
ander,అండర్,ఆండర్,అండర్
antamavutundi,అంతమవుతుంది,అంటమవుతుంది,అంతమవుతుంది
amtaloenae,అంతలోనే,అంటలోనే,అంతలోనే
akkineni,అక్కినేని,ఆక్కినేని,అక్కినేని
akramaalu,అక్రమాలు,ఆక్రమాలు,అక్రమాలు
agniki,అగ్నికి,ఆగ్నికి,అగ్నికి
agniloo,అగ్నిలో,ఆగ్నిలో,అగ్నిలో
azeez,అజీజ్,అజేజ్,అజీజ్
ajirnamu,అజీర్ణము,అజిర్ణము,అజీర్ణము
ajnanamu,అజ్ఞానము,ఆజ్ఞనము,అజ్ఞానము
ajnani,అజ్ఞాని,ఆజ్ఞని,అజ్ఞాని
atanoka,అతనొక,ఆతనోక,అతనొక
athanoka,అతనొక,అతనోక,అతనొక
adi,అది,ఆడీ,అది
adhupu,అదుపు,అధుపు,అదుపు
adhyyanamu,అధ్యయనము,అధ్యానము,అధ్యయనము
ananthapuram,అనంతపురం,ఆనంతపపురం,అనంతపురం
ananthapuramlo,అనంతపురంలో,ఆనంతపపురంలో,అనంతపురంలో
anani,అనని,ఆనని,అనని
ananu,అనను,ఆనను,అనను
anivaarya,అనివార్య,అనినార్య,అనివార్య
anivaaryamyna,అనివార్యమైన,అనినార్యమైన,అనివార్యమైన
anivaryamaina,అనివార్యమైన,అనివర్యమైన,అనివార్యమైన
annadaanamu,అన్నదానము,అన్నదనము,అన్నదానము
annimtinii,అన్నింటినీ,ఆన్నింటినీ,అన్నింటినీ
annividhaalaa,అన్నివిధాలా,అన్నివిడాలా,అన్నివిధాలా
anyaapadesamga,అన్యాపదేశంగా,అన్యాపరేవంగా,అన్యాపదేశంగా
abhimananiki,అభిమానానికి,అభిమనానికి,అభిమానానికి
abhimananni,అభిమానాన్ని,అభిమననాన్ని,అభిమానాన్ని
abhimanulu,అభిమానులు,అభిమనులు,అభిమానులు
abhimanuluga,అభిమానులుగా,అభిమనులుగా,అభిమానులుగా
abhimanule,అభిమానులే,అభిమనులో,అభిమానులే
abhivruddhiki,అభివృద్ధికి,అభివ్రుతికి,అభివృద్ధికి
abhivruddhini,అభివృద్ధిని,అభివ్రుడుని,అభివృద్ధిని
ayitene,అయితేనే,అయిటేనే,అయితేనే
aranyamloo,అరణ్యంలో,ఆరణ్యంలో,అరణ్యంలో
alavaatayyindhi,అలవాటయ్యింది,అలవాటయింది,అలవాటయ్యింది
alavatayyindi,అలవాటయ్యింది,అలవాటయింది,అలవాటయ్యింది
alpasankhyaaka,అల్పసంఖ్యాక,ఎల్పశక్్కాక,అల్పసంఖ్యాక
avagaahana,అవగాహన,అవగాహణ,అవగాహన
asoem,అసోం,అశోం,అసోం
asom,అసోం,అసౌం,అసోం
asthramulu,అస్త్రములు,ఆస్థ్రములు,అస్త్రములు
astramulu,అస్త్రములు,అస్ట్రములు,అస్త్రములు
asthraalanu,అస్త్రాలను,అస్థ్రాలను,అస్త్రాలను
astraalanu,అస్త్రాలను,అస్ట్రాలను,అస్త్రాలను
astraalu,అస్త్రాలు,అస్ట్రాలు,అస్త్రాలు
ahobilam,అహోబిలం,అహోహిలం,అహోబిలం
ahoobilam,అహోబిలం,అహోహిలం,అహోబిలం
aajnaapinchina,ఆజ్ఞాపించిన,ఆజ్ఞపించిన,ఆజ్ఞాపించిన
aanamdamaya,ఆనందమయ,ఆనందమయ్య,ఆనందమయ
ayina,ఆయిన,అయిన,ఆయిన
aarimtini,ఆరింటిని,ఆరింతిని,ఆరింటిని
aarintini,ఆరింటిని,ఆరింతిని,ఆరింటిని
aarogyakara,ఆరోగ్యకర,ఆరోగ్యకార,ఆరోగ్యకర
aarohana,ఆరోహణ,ఆరోహన,ఆరోహణ
aaroohana,ఆరోహణ,ఆరోహన,ఆరోహణ
aardharaitis,ఆర్థరైటిస్,ఆర్థరాతికే,ఆర్థరైటిస్
aartharaitis,ఆర్థరైటిస్,ఆర్థరిటీస్,ఆర్థరైటిస్
alasyam,ఆలస్యం,అలస్యం,ఆలస్యం
aavagimjamta,ఆవగింజంత,ఆవగింమోట,ఆవగింజంత
aavaginjamta,ఆవగింజంత,ఆవగింజంట,ఆవగింజంత
inkonni,ఇంకొన్ని,ఇంకోన్ని,ఇంకొన్ని
imtaa,ఇంతా,ఇంటా,ఇంతా
itivruttaanni,ఇతివృత్తాన్ని,ఇతివ్రుతాన్ని,ఇతివృత్తాన్ని
ivee,ఇవీ,ఇవే,ఇవీ
ivi,ఇవీ,ఐవీ,ఇవీ
ivvadu,ఇవ్వడు,ఇవ్వాడు,ఇవ్వడు
ethadu,ఈతడు,ఇతడు,ఈతడు
eelogaa,ఈలోగా,ఈలాగా,ఈలోగా
undagaladhu,ఉండగలదు,ఉండగాదదు,ఉండగలదు
undagaladu,ఉండగలదు,ఉండగాగాడు,ఉండగలదు
undavacchunani,ఉండవచ్చునని,ఉండవచ్చనుని,ఉండవచ్చునని
undhannadi,ఉందన్నది,ఉండన్నది,ఉందన్నది
undho,ఉందో,ఉండో,ఉందో
uchita,ఉచిత,ఊచిత,ఉచిత
uchitam,ఉచితం,ఊచితం,ఉచితం
uchitamgaa,ఉచితంగా,ఊచితంగా,ఉచితంగా
uchitamaina,ఉచితమైన,ఊచితమైన,ఉచితమైన
uchitamiena,ఉచితమైన,ఊచితమైన,ఉచితమైన
uthamulu,ఉత్తములు,ఉత్మములు,ఉత్తములు
uttaraayanamu,ఉత్తరాయణము,ఉత్తరాయము,ఉత్తరాయణము
udayapu,ఉదయపు,ఉదాయపు,ఉదయపు
unnamta,ఉన్నంత,ఉన్నంట,ఉన్నంత
unnanta,ఉన్నంత,ఉన్నంట,ఉన్నంత
unnantavarakuu,ఉన్నంతవరకూ,ఉన్నంతవరకు,ఉన్నంతవరకూ
usirikaaya,ఉసిరికాయ,ఉసికియాజ,ఉసిరికాయ
uhaatmaka,ఊహాత్మక,ఊహాహ్మక,ఊహాత్మక
enchukunnnaadu,ఎంచుకున్నాడు,ఎంచుకున్నానుడ,ఎంచుకున్నాడు
edhagadaaniki,ఎదగడానికి,ఎదగగడానికి,ఎదగడానికి
eddunu,ఎద్దును,ఎద్డును,ఎద్దును
yevadaithe,ఎవడైతే,ఏవడైతే,ఎవడైతే
aenaaduu,ఏనాడూ,ఏనానూ,ఏనాడూ
yemante,ఏమంటే,ఏమెంటే,ఏమంటే
aerpadaka,ఏర్పడక,ఏర్పడచక,ఏర్పడక
aerpadadam,ఏర్పడడం,ఏర్పడడడం,ఏర్పడడం
yerpadadam,ఏర్పడడం,ఏర్పడడడం,ఏర్పడడం
erpadenduku,ఏర్పడేందుకు,ఏర్పడిందుకు,ఏర్పడేందుకు
oravadi,ఒరవడి,ఓరవాది,ఒరవడి
oravadini,ఒరవడిని,ఓరవడిని,ఒరవడిని
aunu,ఔను,ఆను,ఔను
kajin,కజిన్,కాజిన్,కజిన్
kapili,కపిలి,కపిలీ,కపిలి
karaachee,కరాచీ,కరచచే,కరాచీ
kariveepaaku,కరివేపాకు,కరివిపాకు,కరివేపాకు
kalagalasina,కలగలసిన,కళగలసిన,కలగలసిన
kaladee,కలదీ,కళదే,కలదీ
kaladii,కలదీ,కళదై,కలదీ
kalabandhanu,కలబందను,కళబంధను,కలబందను
kalaraa,కలరా,కళాా,కలరా
kalalannee,కలలన్నీ,కళలన్నీ,కలలన్నీ
kalyaani,కల్యాణి,కళ్యాణి,కల్యాణి
kover,కవర్,కోవర్,కవర్
kashtamie,కష్టమై,కష్టమీ,కష్టమై
customs,కస్టమ్స్,కంస్స్,కస్టమ్స్
cuustoms,కస్టమ్స్,క్సాస్,కస్టమ్స్
kaatamaraaju,కాటమరాజు,కాటమారాజు,కాటమరాజు
kayadam,కాయడం,కయయడం,కాయడం
kayadaniki,కాయడానికి,కయయడానికి,కాయడానికి
kaaradam,కారడం,కారదం,కారడం
corban,కార్బన్,కోర్బన్,కార్బన్
caalendar,కాలెండర్,కాలాండర్,కాలెండర్
kaavatamtho,కావటంతో,కావతంతో,కావటంతో
kaavatamto,కావటంతో,కావతంతో,కావటంతో
kaavatamtoo,కావటంతో,కావతంతో,కావటంతో
kaavalisina,కావలిసిన,కావలసిన,కావలిసిన
kaavalsina,కావలిసిన,కావలస్సిన,కావలిసిన
kase,కాసే,కేస్,కాసే
kisaan,కిసాన్,కిషాన్,కిసాన్
qeith,కీత్,కేత్,కీత్
keeboordu,కీబోర్డు,కీబూర్డు,కీబోర్డు
kutra,కుట్ర,కుత్ర,కుట్ర
kutraku,కుట్రకు,కుత్రకు,కుట్రకు
kutralo,కుట్రలో,కుత్రాలో,కుట్రలో
kutraloo,కుట్రలో,కుత్రాలో,కుట్రలో
kuuragayalanu,కూరగాయలను,కూరగయాలను,కూరగాయలను
kuuragaayalu,కూరగాయలు,కూరగయాలు,కూరగాయలు
kuuragayalu,కూరగాయలు,కూరగయాలు,కూరగాయలు
krishnarjunulu,కృష్ణార్జునులు,కృష్ణార్జులను,కృష్ణార్జునులు
krushnarjunulu,కృష్ణార్జునులు,కృష్ణక్రములు,కృష్ణార్జునులు
kongu,కొంగు,కాంగు,కొంగు
kosuri,కోసూరి,కొసూరి,కోసూరి
kosuuri,కోసూరి,కొసూరి,కోసూరి
kyaampas,క్యాంపస్,క్యాంపేస్,క్యాంపస్
criyalaku,క్రియలకు,క్రియాలకు,క్రియలకు
kriyalaku,క్రియలకు,క్రియాలకు,క్రియలకు
criyalu,క్రియలు,క్రియాలు,క్రియలు
kriyalu,క్రియలు,క్రియాలు,క్రియలు
criyalo,క్రియలో,క్రియాలో,క్రియలో
criyaloo,క్రియలో,క్రియాలో,క్రియలో
kriyalo,క్రియలో,క్రియాలో,క్రియలో
kriyaloo,క్రియలో,క్రియాలో,క్రియలో
clear,క్లియర్,క్లీర్,క్లియర్
cler,క్లియర్,క్లీర్,క్లియర్
klear,క్లియర్,క్లిరర్,క్లియర్
khandince,ఖండించే,ఖండినేస్,ఖండించే
khaidee,ఖైదీ,ఖీదీ,ఖైదీ
khaidii,ఖైదీ,ఖీదీ,ఖైదీ
khaideega,ఖైదీగా,ఖైదీగ,ఖైదీగా
gagan,గగన్,గాగన్,గగన్
gajendra,గజేంద్ర,గజజంద్ర,గజేంద్ర
gaandhi,గాంధి,గాంధీ,గాంధి
gurraniki,గుర్రానికి,గుర్జనికి,గుర్రానికి
gooni,గూని,గోణి,గూని
gottam,గొట్టం,గొత్టం,గొట్టం
gottamu,గొట్టము,గొత్తము,గొట్టము
gottaanni,గొట్టాన్ని,గొత్టాన్ని,గొట్టాన్ని
godlla,గొడ్ల,గోడ్ల,గొడ్ల
gollapalli,గొల్లపల్లి,గోళ్లపల్లి,గొల్లపల్లి
gollapoodi,గొల్లపూడి,గోళ్లపూడి,గొల్లపూడి
gollalu,గొల్లలు,గోళ్ళలు,గొల్లలు
godala,గోడల,గోడాల,గోడల
gramddhaalayaalanu,గ్రంథాలయాలను,గ్రంథాలాాలను,గ్రంథాలయాలను
grastula,గ్రస్తుల,గ్రస్టుల,గ్రస్తుల
grudlanu,గ్రుడ్లను,గ్రులను,గ్రుడ్లను
glenn,గ్లెన్,గ్లైన్,గ్లెన్
ghaniibhavinchina,ఘనీభవించిన,ఘనిభవించిన,ఘనీభవించిన
ghoramga,ఘోరంగా,గోరంగా,ఘోరంగా
ghoramgaa,ఘోరంగా,గోరంగా,ఘోరంగా
ghorangaa,ఘోరంగా,గోరంగా,ఘోరంగా
chaduvuthoo,చదువుతూ,చదువుతో,చదువుతూ
charaachara,చరాచర,చరాచార,చరాచర
chaampian,చాంపియన్,ఛాంపియన్,చాంపియన్
chaampiyan,చాంపియన్,ఛాంపియన్,చాంపియన్
chinnadiga,చిన్నదిగా,చిన్నపిగా,చిన్నదిగా
chinnadigaa,చిన్నదిగా,చిన్నపిగా,చిన్నదిగా
chillara,చిల్లర,చిల్లార,చిల్లర
chudu,చూడు,చుడు,చూడు
chepthu,చెప్తూ,చెప్తు,చెప్తూ
cheptoo,చెప్తూ,చెప్తో,చెప్తూ
cheppagla,చెప్పగల,చెప్పగ్ల,చెప్పగల
cheppagalamu,చెప్పగలము,చెప్పగాలము,చెప్పగలము
cheppalaykapooyaaru,చెప్పలేకపోయారు,చెప్పలలోపారు,చెప్పలేకపోయారు
cheppalekapoyaaru,చెప్పలేకపోయారు,చెప్పలలకోపారు,చెప్పలేకపోయారు
cheppalekapoyaru,చెప్పలేకపోయారు,చెప్పలలేకపూరు,చెప్పలేకపోయారు
cheppavalasi,చెప్పవలసి,చెప్పవాసి,చెప్పవలసి
cheppe,చెప్పే,చెప్పీ,చెప్పే
chelleliki,చెల్లెలికి,చెల్లీలికి,చెల్లెలికి
cheylleliki,చెల్లెలికి,చెల్లేలికి,చెల్లెలికి
cheeyagaladu,చేయగలదు,చేయగలాడు,చేయగలదు
cheyagaladu,చేయగలదు,చేయగలగాడు,చేయగలదు
cheerakundaa,చేరకుండా,చీరకుండా,చేరకుండా
cheeradaaniki,చేరడానికి,చేరదానికి,చేరడానికి
chaeraadani,చేరాడని,చేరాదని,చేరాడని
chaesaaru,చేసారు,చేశారు,చేసారు
chesaaru,చేసారు,చేశారు,చేసారు
chesaru,చేసారు,చేశారు,చేసారు
chainiiyula,చైనీయుల,చైనియుల,చైనీయుల
chotuchaesukuntaayi,చోటుచేసుకుంటాయి,చోటుచేసుకోవడాది,చోటుచేసుకుంటాయి
chotuchesukuntayi,చోటుచేసుకుంటాయి,చోటుచేసుకోవడాి,చోటుచేసుకుంటాయి
journalistu,జర్నలిస్టు,జర్నలిస్టూ,జర్నలిస్టు
jaateeyoodyamam,జాతీయోద్యమం,జాతీయోయ్మం,జాతీయోద్యమం
jaateeyoodyamaaniki,జాతీయోద్యమానికి,జాతీయోదమానికి,జాతీయోద్యమానికి
jaanapadham,జానపదం,జానపడం,జానపదం
jaaree,జారీ,జారే,జారీ
jaavaed,జావేద్,జావెడ్,జావేద్
jeguru,జిగురు,జెగురు,జిగురు
jiins,జీన్స్,జిన్స్,జీన్స్
zunior,జూనియర్,జనయియర్,జూనియర్
timm,టిమ్,తిమ్,టిమ్
takeovar,టేకోవర్,టాకేవర్,టేకోవర్
takeover,టేకోవర్,టాక్వేయర్,టేకోవర్
taqeover,టేకోవర్,టాక్వేవర్,టేకోవర్
taimar,టైమర్,తైమర్,టైమర్
dallaas,డల్లాస్,దళ్లాస్,డల్లాస్
dilli,డిల్లీ,దిల్లీ,డిల్లీ
diskount,డిస్కౌంట్,డిస్కొంట్,డిస్కౌంట్
deal,డీల్,డిల్,డీల్
dialogue,డైలాగ్,డైలోగ్,డైలాగ్
taginanta,తగినంత,తగినంట,తగినంత
tadichi,తడిచి,తదిచి,తడిచి
thadichi,తడిచి,తదిచి,తడిచి
tatvavaetta,తత్వవేత్త,తత్వవవేత్త,తత్వవేత్త
tatvavaettagaa,తత్వవేత్తగా,తత్వవేతత్గా,తత్వవేత్తగా
taditarulatho,తదితరులతో,తదితారులతో,తదితరులతో
taditarulatoe,తదితరులతో,తదితారులతో,తదితరులతో
tanikhii,తనిఖీ,తనికీ,తనిఖీ
tanikhiilu,తనిఖీలు,తనికీలు,తనిఖీలు
thaaguboothula,తాగుబోతుల,తాగుబూతుల,తాగుబోతుల
thaati,తాటి,తాతి,తాటి
thaamaraaku,తామరాకు,తమమరకు,తామరాకు
tittula,తిత్తుల,తీత్టుల,తిత్తుల
timmana,తిమ్మన,తిమ్మాన,తిమ్మన
thiruppaavai,తిరుప్పావై,తిరుప్పావి,తిరుప్పావై
tisukogane,తీసుకోగానే,తీసుకోగనే,తీసుకోగానే
tiisukoevalasi,తీసుకోవలసి,తీసుకోవాలసి,తీసుకోవలసి
tegi,తెగి,తేగి,తెగి
thegi,తెగి,తేగి,తెగి
thaejaswini,తేజస్విని,తేజస్వాని,తేజస్విని
dattaatraeya,దత్తాత్రేయ,దట్టాత్రయయ,దత్తాత్రేయ
dattaatreya,దత్తాత్రేయ,దట్టాత్రయయ,దత్తాత్రేయ
dattaatraeyudu,దత్తాత్రేయుడు,దట్టాత్రయయుడు,దత్తాత్రేయుడు
dattaatreyudu,దత్తాత్రేయుడు,దట్టాత్రేయుడు,దత్తాత్రేయుడు
dayaanamda,దయానంద,డయానంద,దయానంద
dayaananda,దయానంద,డయానంద,దయానంద
darpanam,దర్పణం,దర్పనం,దర్పణం
darpanham,దర్పణం,దర్పనం,దర్పణం
darsi,దర్శి,డర్సీ,దర్శి
dhaarina,దారిన,ధారిన,దారిన
dhaasoham,దాసోహం,దాశోహం,దాసోహం
dhaasooham,దాసోహం,దాశోహం,దాసోహం
dhivaan,దివాన్,ధివాన్,దివాన్
divaan,దివాన్,డివాన్,దివాన్
divan,దివాన్,డివన్,దివాన్
dhivyabhaarathi,దివ్యభారతి,దివ్యాభాతి,దివ్యభారతి
divyabharathi,దివ్యభారతి,దివ్యాభాతి,దివ్యభారతి
divyabharati,దివ్యభారతి,దివ్యాభాతి,దివ్యభారతి
dhooki,దూకి,ధోకి,దూకి
dooki,దూకి,దోకి,దూకి
dhoopa,దూప,ధూప,దూప
daenigurimchainaa,దేనిగురించైనా,దేనుగిరించినా,దేనిగురించైనా
daennii,దేన్నీ,డెన్నీ,దేన్నీ
deevaalayampai,దేవాలయంపై,దేవాలపాై,దేవాలయంపై
dongaga,దొంగగా,దొంగగ,దొంగగా
dongatanaala,దొంగతనాల,దొంగతనల,దొంగతనాల
dongalaa,దొంగలా,దొంగళా,దొంగలా
draoupadito,ద్రౌపదితో,ద్రాపడితో,ద్రౌపదితో
draupadithoo,ద్రౌపదితో,ద్రౌపడితో,ద్రౌపదితో
draupadito,ద్రౌపదితో,ద్రౌపడితో,ద్రౌపదితో
draupadini,ద్రౌపదిని,ద్రౌపడిని,ద్రౌపదిని
natisthoone,నటిస్తూనే,నటిస్తోనే,నటిస్తూనే
natistoone,నటిస్తూనే,నటిస్తోనే,నటిస్తూనే
nadachi,నడచి,నడచచి,నడచి
nalumuulalaa,నలుమూలలా,నలుమూలాల,నలుమూలలా
naveen,నవీన్,నేవెన్,నవీన్
naviin,నవీన్,నేవిన్,నవీన్
naatee,నాటే,నాటీ,నాటే
naadir,నాదిర్,నాడిర్,నాదిర్
naasthika,నాస్తిక,నాస్థిక,నాస్తిక
naastika,నాస్తిక,నాస్టిక,నాస్తిక
naasthikudu,నాస్తికుడు,నాస్టికుడు,నాస్తికుడు
naastikudu,నాస్తికుడు,నాస్టికుడు,నాస్తికుడు
nirasanagaa,నిరసనగా,నిరసణగా,నిరసనగా
nishedhibchadu,నిషేధించాడు,నిషేధిచ్చాడు,నిషేధించాడు
neekorika,నీకోరిక,నేకూరిక,నీకోరిక
neethi,నీతి,నేతి,నీతి
neevunu,నీవును,నేవును,నీవును
neramga,నేరంగా,నిరంగా,నేరంగా
noota,నోట,నూట,నోట
nomu,నోము,నాము,నోము
noomu,నోము,నూము,నోము
panchaaraama,పంచారామ,పంచారమ,పంచారామ
pacchigane,పచ్చిగానే,పచ్చిగనే,పచ్చిగానే
pachigaanee,పచ్చిగానే,పచిచాగినే,పచ్చిగానే
pattanhaabhivruddhi,పట్టణాభివృద్ధి,పట్టణమిరివృద్ధి,పట్టణాభివృద్ధి
padalaedu,పడలేదు,పదలేదు,పడలేదు
padaledu,పడలేదు,పదలేదు,పడలేదు
padaleedhu,పడలేదు,పదలేదు,పడలేదు
padhamoodava,పదమూడవ,పదమూధవవ,పదమూడవ
padmanaabham,పద్మనాభం,పద్మానాథం,పద్మనాభం
padmanabham,పద్మనాభం,పద్మానాభం,పద్మనాభం
parabhaasha,పరభాష,పరభాశ,పరభాష
parabhasha,పరభాష,పరభభశ,పరభాష
paryavasaanam,పర్యవసానం,పర్యావశానం,పర్యవసానం
paryavasanam,పర్యవసానం,పర్యావశణం,పర్యవసానం
paryavasaanaalanu,పర్యవసానాలను,పర్యావశాలను,పర్యవసానాలను
palachagaa,పలచగా,పలచడగా,పలచగా
palachani,పలచని,పాచచని,పలచని
pallakee,పల్లకీ,పల్లకే,పల్లకీ
paakisdhaan,పాకిస్థాన్,పాకిస్తాన్,పాకిస్థాన్
paajitiv,పాజిటివ్,పాజితివ్,పాజిటివ్
paarudala,పారుదల,పారుడల,పారుదల
pindaaniki,పిండానికి,పిందానికి,పిండానికి
pindaniki,పిండానికి,పిందానికి,పిండానికి
peal,పీల్,పేల్,పీల్
punaruddarinchadam,పునరుద్ధరించడం,పునరుద్డపడింం,పునరుద్ధరించడం
punarnirmaana,పునర్నిర్మాణ,పునర్న్రీమణ,పునర్నిర్మాణ
punarnirmaanha,పునర్నిర్మాణ,పునర్న్రమమణ,పునర్నిర్మాణ
punarnirmaanam,పునర్నిర్మాణం,పునర్న్రమిణం,పునర్నిర్మాణం
punarnirmaanham,పునర్నిర్మాణం,పునర్న్రిమానం,పునర్నిర్మాణం
puvvula,పువ్వుల,పుప్వుల,పువ్వుల
puvvulatho,పువ్వులతో,పుప్వులతో,పువ్వులతో
puvvulathoo,పువ్వులతో,పుప్వులతో,పువ్వులతో
puvvulato,పువ్వులతో,పుప్వులతో,పువ్వులతో
puvvulanu,పువ్వులను,పుప్వులను,పువ్వులను
puvvulalo,పువ్వులలో,పుప్వులలో,పువ్వులలో
puvvulaloo,పువ్వులలో,పుప్వులలో,పువ్వులలో
poojimchadam,పూజించడం,పోజించడం,పూజించడం
poojinchadam,పూజించడం,పోజించడం,పూజించడం
poojimchina,పూజించిన,పోజించిన,పూజించిన
poojinchina,పూజించిన,పోజించిన,పూజించిన
poojinpa,పూజింప,పోజింప,పూజింప
poodika,పూడిక,పోడిక,పూడిక
pooritamaina,పూరితమైన,పోరితమైన,పూరితమైన
pemdalam,పెండలం,పెందలం,పెండలం
pendalam,పెండలం,పెందలం,పెండలం
penampai,పెనంపై,పెనపపై,పెనంపై
penampie,పెనంపై,పెనపేపి,పెనంపై
penamloe,పెనంలో,పేనంలో,పెనంలో
penamloo,పెనంలో,పేనంలో,పెనంలో
pmdutunna,పొందుతున్న,ప్డుతున్న,పొందుతున్న
pondhee,పొందే,పొందీ,పొందే
pottakooti,పొట్టకూటి,పొట్టకోతి,పొట్టకూటి
podachoopaayi,పొడచూపాయి,పొదచుపాయి,పొడచూపాయి
polaalaku,పొలాలకు,పొలాకు,పొలాలకు
pol,పోల్,పాల్,పోల్
poll,పోల్,పాల్,పోల్
prataaparudra,ప్రతాపరుద్ర,ప్రతాపరూర్ధ,ప్రతాపరుద్ర
prathaaparudhra,ప్రతాపరుద్ర,ప్రతాపరుర్ధ,ప్రతాపరుద్ర
prathaaparudhrudu,ప్రతాపరుద్రుడు,ప్రతాపరురుడు,ప్రతాపరుద్రుడు
prathaaparudhruni,ప్రతాపరుద్రుని,ప్రతాపరురుధిని,ప్రతాపరుద్రుని
pratinidhulanu,ప్రతినిధులను,ప్రతినిదులను,ప్రతినిధులను
pratinidhulu,ప్రతినిధులు,ప్రతినిదులు,ప్రతినిధులు
prathiphalaanni,ప్రతిఫలాన్ని,ప్రతిఫాన్ని,ప్రతిఫలాన్ని
pratiphalaanni,ప్రతిఫలాన్ని,ప్రతిఫాన్ని,ప్రతిఫలాన్ని
pratibimbincee,ప్రతిబింబించే,ప్రతిబింబిందే,ప్రతిబింబించే
pradeep,ప్రదీప్,ప్రదేప్,ప్రదీప్
pradiip,ప్రదీప్,ప్రదేప్,ప్రదీప్
pramiila,ప్రమీల,ప్రామిల,ప్రమీల
pramukhamainavi,ప్రముఖమైనవి,ప్రాముఖమైనవి,ప్రముఖమైనవి
pramukhulaku,ప్రముఖులకు,ప్రాముఖులకు,ప్రముఖులకు
pramukhulatho,ప్రముఖులతో,ప్రాముఖులతో,ప్రముఖులతో
pramukhulato,ప్రముఖులతో,ప్రాముఖులతో,ప్రముఖులతో
pramukhulatoo,ప్రముఖులతో,ప్రాముఖులతో,ప్రముఖులతో
pramukhulanu,ప్రముఖులను,ప్రాముఖులను,ప్రముఖులను
pramukhulalo,ప్రముఖులలో,ప్రాముఖులలో,ప్రముఖులలో
pramukhulaloo,ప్రముఖులలో,ప్రాముఖులలో,ప్రముఖులలో
pramukhulaina,ప్రముఖులైన,ప్రాముఖులైన,ప్రముఖులైన
prayaanhikulanu,ప్రయాణికులను,ప్రయాణీకులను,ప్రయాణికులను
prayaanikulanu,ప్రయాణికులను,ప్రయాణీకులను,ప్రయాణికులను
prayanikulanu,ప్రయాణికులను,ప్రయాణీకులను,ప్రయాణికులను
prayaanhikulu,ప్రయాణికులు,ప్రయాణీకులు,ప్రయాణికులు
prayaanikulu,ప్రయాణికులు,ప్రయాణీకులు,ప్రయాణికులు
prayanikulu,ప్రయాణికులు,ప్రయాణీకులు,ప్రయాణికులు
pravrutti,ప్రవృత్తి,ప్రవృతి,ప్రవృత్తి
pravrhutthini,ప్రవృత్తిని,ప్రవ్తితిని,ప్రవృత్తిని
pravruttini,ప్రవృత్తిని,ప్రవృతితిని,ప్రవృత్తిని
prasaadaraavu,ప్రసాదరావు,ప్రసాదారావు,ప్రసాదరావు
prasadaravu,ప్రసాదరావు,ప్రసాదారవవు,ప్రసాదరావు
praachina,ప్రాచీన,ప్రాచిన,ప్రాచీన
praathipadhikagaa,ప్రాతిపదికగా,ప్రాతిపరికగా,ప్రాతిపదికగా
praatipadikagaa,ప్రాతిపదికగా,ప్రాతిపాదిగా,ప్రాతిపదికగా
praatipadikana,ప్రాతిపదికన,ప్రాతిపాదకన,ప్రాతిపదికన
praayamaina,ప్రాయమైన,ప్రయామైన,ప్రాయమైన
praayamiena,ప్రాయమైన,ప్రయామైన,ప్రాయమైన
preet,ప్రీత్,ప్రేత్,ప్రీత్
preeth,ప్రీత్,ప్రేత్,ప్రీత్
prodakshans,ప్రొడక్షన్స్,ప్రొద్కశంస్,ప్రొడక్షన్స్
fangal,ఫంగల్,ఫంంగల్,ఫంగల్
fungal,ఫంగల్,ఫంంగల్,ఫంగల్
fuungal,ఫంగల్,ఫంంగల్,ఫంగల్
phangal,ఫంగల్,ఫంంగల్,ఫంగల్
phibravari,ఫిబ్రవరి,ఫిబ్రవారి,ఫిబ్రవరి
phiryaadulanu,ఫిర్యాదులను,ఫిర్యాడులను,ఫిర్యాదులను
federetion,ఫెడరేషన్,ఫెడరరిషన్,ఫెడరేషన్
friday,ఫ్రైడే,ఫ్రీడే,ఫ్రైడే
phriday,ఫ్రైడే,ఫ్రీడే,ఫ్రైడే
phlight,ఫ్లైట్,ఫ్లేట్,ఫ్లైట్
bamdii,బందీ,బండీ,బందీ
bamdiilugaa,బందీలుగా,బందిలుగా,బందీలుగా
bandeelugaa,బందీలుగా,బందేలుగా,బందీలుగా
batukae,బతుకే,బటుకే,బతుకే
balagaalaku,బలగాలకు,బాలగాలకు,బలగాలకు
balagaalathoo,బలగాలతో,బాలగాలతో,బలగాలతో
balagaalato,బలగాలతో,బాలగాలతో,బలగాలతో
balagaalatoe,బలగాలతో,బాలగాలతో,బలగాలతో
balagaalanu,బలగాలను,బాలగాలను,బలగాలను
balini,బలిని,బాలీని,బలిని
balishtamaina,బలిష్టమైన,బలిస్తమైన,బలిష్టమైన
ballapai,బల్లపై,బళ్లపై,బల్లపై
ballapie,బల్లపై,బళ్లపై,బల్లపై
basa,బస,బాస,బస
bahuuruupa,బహురూప,బహూరూప,బహురూప
bak,బాక్,బ్యాక్,బాక్
baksing,బాక్సింగ్,బ్క్సింగ్,బాక్సింగ్
baguga,బాగుగా,బగుగ,బాగుగా
baasatagaa,బాసటగా,బాసతగా,బాసటగా
baahaatamgaa,బాహాటంగా,బాహాతంగా,బాహాటంగా
bijeegaa,బిజీగా,బిజిగా,బిజీగా
burrakadha,బుర్రకథ,బుర్జకద,బుర్రకథ
beradunu,బెరడును,బెరదును,బెరడును
baedi,బేడి,బేడీ,బేడి
baetaalhudu,బేతాళుడు,బేతాలుడు,బేతాళుడు
bible,బైబిల్,బిబిల్,బైబిల్
bomma,బొమ్మ,బామ్మా,బొమ్మ
bollaapalli,బొల్లాపల్లి,బోల్లపల్లి,బొల్లాపల్లి
boodhinchenu,బోధించెను,బోధించేను,బోధించెను
boora,బోర,బూర,బోర
brahmaandamaina,బ్రహ్మాండమైన,బ్రహ్మామదమైన,బ్రహ్మాండమైన
blod,బ్లడ్,బ్లాడ్,బ్లడ్
bhagavat,భగవత్,భగవాట్,భగవత్
bhagawat,భగవత్,భగవాట్,భగవత్
bhayamoo,భయమూ,భయమో,భయమూ
bhayamuu,భయమూ,భయము,భయమూ
bhagaswamulaku,భాగస్వాములకు,భాగస్వములకు,భాగస్వాములకు
bhagaswamulu,భాగస్వాములు,భాగస్వములు,భాగస్వాములు
bhaaratheeyulandharikee,భారతీయులందరికీ,భారతీయాగదదీకీ,భారతీయులందరికీ
bharathiyulandhariki,భారతీయులందరికీ,భారతీయులదరరికీ,భారతీయులందరికీ
bharatiyulandariki,భారతీయులందరికీ,భారతీయుగదరికీ,భారతీయులందరికీ
bhuummeeda,భూమ్మీద,భూమ్మెద,భూమ్మీద
bhulokamlo,భూలోకంలో,భూలుకంలో,భూలోకంలో
bhulokaaniki,భూలోకానికి,భూలుకానికి,భూలోకానికి
mamdha,మంద,మంధ,మంద
mamdae,మందే,మండే,మందే
madraasuku,మద్రాసుకు,మద్రసుకు,మద్రాసుకు
madraasuloo,మద్రాసులో,మద్రసులో,మద్రాసులో
manasutho,మనసుతో,మనసుతతో,మనసుతో
manasuni,మనసుని,మనససుని,మనసుని
manasunna,మనసున్న,మనససున్న,మనసున్న
manro,మన్రో,మామూ,మన్రో
manroe,మన్రో,మాంరో,మన్రో
malayaala,మలయాళ,మలయాల,మలయాళ
mashoochi,మశూచి,మాచూచి,మశూచి
mahaadhevi,మహాదేవి,మహాధేవి,మహాదేవి
mahaanubhaavudu,మహానుభావుడు,మహామమూహవుడు,మహానుభావుడు
mahaapandithudu,మహాపండితుడు,మహాపపడితుడు,మహాపండితుడు
mahabharathamu,మహాభారతము,మహాభారము,మహాభారతము
mahaalakshmi,మహాలక్ష్మి,మహాళక్ష్మి,మహాలక్ష్మి
mahalakshmi,మహాలక్ష్మి,మహాళక్ష్మి,మహాలక్ష్మి
mahaalaya,మహాలయ,మహాళయ,మహాలయ
mahalaya,మహాలయ,మహాళయ,మహాలయ
mahaavishnuvu,మహావిష్ణువు,మహావిశ్నువు,మహావిష్ణువు
mahavishnuvu,మహావిష్ణువు,మహాశిశ్నురు,మహావిష్ణువు
maafia,మాఫియా,మేఫియా,మాఫియా
mafia,మాఫియా,మేఫియా,మాఫియా
maphia,మాఫియా,మేఫియా,మాఫియా
marchenduku,మార్చేందుకు,మార్చెందుకు,మార్చేందుకు
mickei,మిక్కీ,మికీ,మిక్కీ
meekantae,మీకంటే,మేకంటే,మీకంటే
meekante,మీకంటే,మేకంటే,మీకంటే
meeku,మీకు,మేకు,మీకు
meekunna,మీకున్న,మేకున్న,మీకున్న
meemaamsaku,మీమాంసకు,మేమామ్సకు,మీమాంసకు
mundhumaatalo,ముందుమాటలో,ముందుమాతలో,ముందుమాటలో
mundhumaataloo,ముందుమాటలో,ముందుమాతలో,ముందుమాటలో
mooshaaru,మూశారు,మోషారు,మూశారు
meyilimg,మెయిలింగ్,మేలిలింగ్,మెయిలింగ్
meyiling,మెయిలింగ్,మేలిలింగ్,మెయిలింగ్
maeda,మేడ,మేద,మేడ
meda,మేడ,మెడ,మేడ
maedae,మేడే,మేదే,మేడే
maedhassunu,మేధస్సును,మేదస్సును,మేధస్సును
medho,మేధో,మేదో,మేధో
moddu,మొద్దు,మొడ్డు,మొద్దు
molakalu,మొలకలు,మొలకాలు,మొలకలు
mosaginchadam,మోసగించడం,మొసటించడం,మోసగించడం
moesae,మోసే,మూసే,మోసే
mosae,మోసే,మొసే,మోసే
moseey,మోసే,మోసీ,మోసే
mosei,మోసే,మోసీ,మోసే
mosey,మోసే,మోసీ,మోసే
yaantrika,యాంత్రిక,యంత్రిక,యాంత్రిక
yaasid,యాసిడ్,యాసిద్,యాసిడ్
yetara,యేతర,ఎెరా,యేతర
yethara,యేతర,ఎతర,యేతర
ramdani,రండని,రందని,రండని
randani,రండని,రందని,రండని
raktaheenatha,రక్తహీనత,రక్తతీయపత,రక్తహీనత
raktaniki,రక్తానికి,రక్తనానికి,రక్తానికి
rakshakudu,రక్షకుడు,రాక్షకుడు,రక్షకుడు
rakshanagaa,రక్షణగా,రక్షణాగా,రక్షణగా
rabbar,రబ్బర్,రాబ్రర్,రబ్బర్
rasamayi,రసమయి,రసమాయి,రసమయి
rahasyamgaa,రహస్యంగా,రాసస్యంగా,రహస్యంగా
rahasyaalanu,రహస్యాలను,రాసస్యాలను,రహస్యాలను
raajayyanu,రాజయ్యను,రాజయ్యాను,రాజయ్యను
raadu,రాడు,రాదు,రాడు
radu,రాడు,రాదు,రాడు
raani,రాని,రాణి,రాని
raallapalli,రాళ్ళపల్లి,రాళ్లపల్లి,రాళ్ళపల్లి
retail,రిటైల్,రీటైల్,రిటైల్
runaalanu,రుణాలను,ఋణాలను,రుణాలను
runalanu,రుణాలను,ఋణాలను,రుణాలను
rudrulaku,రుద్రులకు,రుద్రలకు,రుద్రులకు
raetlaku,రేట్లకు,రెట్లకు,రేట్లకు
raetlanu,రేట్లను,రెట్లను,రేట్లను
raepati,రేపటి,రేపతి,రేపటి
rolling,రోలింగ్,రాలింగ్,రోలింగ్
ryaaleelu,ర్యాలీలు,ర్యాళీలు,ర్యాలీలు
ryaaleeloo,ర్యాలీలో,ర్యాలేలో,ర్యాలీలో
luckyi,లక్కీ,లక్సీ,లక్కీ
lagnasdha,లగ్నస్థ,లగ్నశ్థ,లగ్నస్థ
lagnastha,లగ్నస్థ,లగ్నశ్థ,లగ్నస్థ
laantidhe,లాంటిదే,లాంతిదే,లాంటిదే
ledane,లేదనే,లేడనే,లేదనే
loehit,లోహిత్,లూహిత్,లోహిత్
lohit,లోహిత్,లూహిత్,లోహిత్
vaktalu,వక్తలు,వాక్తలు,వక్తలు
vaddagala,వద్దగల,వడ్డగాల,వద్దగల
vaddhagala,వద్దగల,వద్ధగాల,వద్దగల
vaddannaa,వద్దన్నా,వడ్దాన్నా,వద్దన్నా
vaddhe,వద్దే,వడ్దే,వద్దే
vannela,వన్నెల,వె్నెల,వన్నెల
vayasulo,వయసులో,వయసులలో,వయసులో
varasaku,వరసకు,వారసకు,వరసకు
varasaga,వరసగా,వారసగా,వరసగా
varasagaa,వరసగా,వారకగా,వరసగా
varasalo,వరసలో,వారసలో,వరసలో
varasaloe,వరసలో,వారసలో,వరసలో
varasaloo,వరసలో,వారసలో,వరసలో
vasudevudi,వసుదేవుడి,వసుడేవుడి,వసుదేవుడి
vaachmen,వాచ్మెన్,వాక్డెన్,వాచ్మెన్
waatchmen,వాచ్మెన్,వాక్సిమ్,వాచ్మెన్
watchmen,వాచ్మెన్,వాక్సెమ్,వాచ్మెన్
vaadini,వాడిని,వాదిని,వాడిని
vadiyaa,వాడియా,వదియా,వాడియా
vadaina,వాడైన,వదదిన,వాడైన
vaarikee,వారికీ,వారికే,వారికీ
waarrior,వారియర్,వారిరర్,వారియర్
vaartaapathrika,వార్తాపత్రిక,వార్తపర్తిక,వార్తాపత్రిక
vaartaapathrikala,వార్తాపత్రికల,వార్తపర్తికల,వార్తాపత్రికల
vaasudevaraavu,వాసుదేవరావు,వాసుదేవారవు,వాసుదేవరావు
vikendrikarana,వికేంద్రీకరణ,వికొంద్రీకరణ,వికేంద్రీకరణ
vikkee,విక్కీ,విక్కే,విక్కీ
vidhyaardhinii,విద్యార్థినీ,విద్యార్థిని,విద్యార్థినీ
vidvaansudu,విద్వాంసుడు,విద్వాన్సుడు,విద్వాంసుడు
vidvamsudu,విద్వాంసుడు,విద్వంసుడు,విద్వాంసుడు
vidhalaina,విధాలైన,విధలైన,విధాలైన
vinimaya,వినిమయ,వినిమాయ,వినిమయ
vibhudhi,విభూది,విభుది,విభూది
vibhudi,విభూది,విభుడి,విభూది
vivaranala,వివరణల,వివరణాల,వివరణల
vivaranalu,వివరణలు,వివరణాలు,వివరణలు
vishwadhaabhiraama,విశ్వదాభిరామ,విశ్వదిభారమ,విశ్వదాభిరామ
viswadaabhiraama,విశ్వదాభిరామ,విశ్వదారిభామ,విశ్వదాభిరామ
vishwasaneeyangaa,విశ్వసనీయంగా,విశ్వనాజీంగా,విశ్వసనీయంగా
vishapuuritha,విషపూరిత,విషణురిత,విషపూరిత
whiskei,విస్కీ,విస్సీ,విస్కీ
vumtaayi,వుంటాయి,ఉంటాయి,వుంటాయి
vrutthaakaara,వృత్తాకార,వృత్తాకర,వృత్తాకార
vrutthaakaaramloo,వృత్తాకారంలో,వృత్తాకరంలో,వృత్తాకారంలో
vek,వేక్,వెక్,వేక్
wek,వేక్,వెక్,వేక్
vyjayantii,వైజయంతీ,వైజయంతే,వైజయంతీ
vyatyaasam,వ్యత్యాసం,వ్యాత్యాసం,వ్యత్యాసం
vraasaaru,వ్రాసారు,వ్రాశారు,వ్రాసారు
vrelaada,వ్రేలాడ,వ్రేలాద,వ్రేలాడ
vrelaade,వ్రేలాడే,వ్రేలాడ్,వ్రేలాడే
sharath,శరత్,షరత్,శరత్
shaasanasabhaa,శాసనసభా,శాసనసభభా,శాసనసభా
shaastraveettha,శాస్త్రవేత్త,శాస్త్రవ్యేత్త,శాస్త్రవేత్త
shaasthravetthagaa,శాస్త్రవేత్తగా,శాస్త్రవేత్తంగా,శాస్త్రవేత్తగా
shaastraveetthagaa,శాస్త్రవేత్తగా,శాస్త్ర్యేత్తగా,శాస్త్రవేత్తగా
shaastravettagaa,శాస్త్రవేత్తగా,శాస్త్రత్యతంగా,శాస్త్రవేత్తగా
shaasthravetthalatho,శాస్త్రవేత్తలతో,శాస్త్రత్యతతలతో,శాస్త్రవేత్తలతో
shaastraveetthalu,శాస్త్రవేత్తలు,శాస్త్ర్యేత్తలు,శాస్త్రవేత్తలు
shaastravettalu,శాస్త్రవేత్తలు,శాస్త్రత్యత్తలు,శాస్త్రవేత్తలు
shileendraalu,శిలీంద్రాలు,శిలేంద్రాలు,శిలీంద్రాలు
sileendraalu,శిలీంద్రాలు,శిలింద్రాలు,శిలీంద్రాలు
siliimdraalu,శిలీంద్రాలు,శిలింద్రాలు,శిలీంద్రాలు
siliindraalu,శిలీంద్రాలు,శిలింద్రాలు,శిలీంద్రాలు
shivasenaku,శివసేనకు,శివసీనకు,శివసేనకు
sivasaenaku,శివసేనకు,శివససనుు,శివసేనకు
sivasenaku,శివసేనకు,శివసీనకు,శివసేనకు
shivunipai,శివునిపై,శివులిపై,శివునిపై
shobhan,శోభన్,షోభన్,శోభన్
shourya,శౌర్య,శూర్య,శౌర్య
shmashaanavaatikalo,శ్మశానవాటికలో,శ్మశానవస్తిలో,శ్మశానవాటికలో
shreyobhilaashi,శ్రేయోభిలాషి,శ్రియోహిషాలి,శ్రేయోభిలాషి
sreyobhilaashi,శ్రేయోభిలాషి,శ్రేయోహిసాలి,శ్రేయోభిలాషి
sharbat,షర్బత్,షార్బాత్,షర్బత్
shaeru,షేరు,శేరు,షేరు
sankshoebhaanni,సంక్షోభాన్ని,సంక్షోహాన్ని,సంక్షోభాన్ని
santhanamga,సంతానంగా,సంతనంగా,సంతానంగా
santhushtudai,సంతుష్టుడై,సంతుష్తుడై,సంతుష్టుడై
sakramamgaa,సక్రమంగా,శక్రమంగా,సక్రమంగా
sakramamaina,సక్రమమైన,శక్రమమైన,సక్రమమైన
sagamlo,సగంలో,సాగంలో,సగంలో
sachivaalayam,సచివాలయం,శచ్చివాలయం,సచివాలయం
satyaagraha,సత్యాగ్రహ,సత్యాగ్రభ,సత్యాగ్రహ
sannivesa,సన్నివేశ,సన్నివేస,సన్నివేశ
samarpana,సమర్పణ,సమర్పన,సమర్పణ
samarpanalu,సమర్పణలు,సమర్పనలు,సమర్పణలు
samithiki,సమితికి,సమమితికి,సమితికి
samitiki,సమితికి,సమమితికి,సమితికి
samitini,సమితిని,సమీతిని,సమితిని
samudayaniki,సముదాయానికి,సముదయానికి,సముదాయానికి
samuraay,సమురాయ్,సమమ్రాయ్,సమురాయ్
saralamga,సరళంగా,సరలంగా,సరళంగా
saripada,సరిపడ,సరిపాద,సరిపడ
saantvana,సాంత్వన,శాంత్నా,సాంత్వన
saaradhigaa,సారథిగా,సారధిగా,సారథిగా
saalid,సాలిడ్,సాలీడ్,సాలిడ్
saasar,సాసర్,శాసర్,సాసర్
singh,సింగ్,సైంఘ్,సింగ్
sikimdar,సికిందర్,సికిండర్,సికిందర్
sikindar,సికిందర్,సికిండర్,సికిందర్
sira,సిరా,శిర,సిరా
siraa,సిరా,శిరా,సిరా
siitaramayya,సీతారామయ్య,సీతారమయ్య,సీతారామయ్య
subbanna,సుబ్బన్న,సబ్బన్న,సుబ్బన్న
subbaaraavugaaru,సుబ్బారావుగారు,సుబ్బారావురా,సుబ్బారావుగారు
sulthanu,సుల్తాను,సుల్తను,సుల్తాను
sulthanula,సుల్తానుల,సుల్తనుల,సుల్తానుల
sulthanulu,సుల్తానులు,సుల్తనులు,సుల్తానులు
sookti,సూక్తి,సోక్తి,సూక్తి
saen,సేన్,సెన్,సేన్
sienyaalaku,సైన్యాలకు,సిన్యాలకు,సైన్యాలకు
sienyaalanu,సైన్యాలను,సిన్యాలను,సైన్యాలను
southaafricaa,సౌతాఫ్రికా,సౌతార్పిగా,సౌతాఫ్రికా
staatistics,స్టాటిస్టిక్స్,స్టాటిస్టిస్,స్టాటిస్టిక్స్
statistics,స్టాటిస్టిక్స్,స్టాషిస్టిస్,స్టాటిస్టిక్స్
stoodents,స్టూడెంట్స్,స్టోడెంట్స్,స్టూడెంట్స్
staets,స్టేట్స్,స్టేస్,స్టేట్స్
states,స్టేట్స్,స్టేష్స్,స్టేట్స్
stets,స్టేట్స్,స్టాస్,స్టేట్స్
strokes,స్ట్రోక్స్,స్ట్రోకేస్,స్ట్రోక్స్
stroqes,స్ట్రోక్స్,స్ట్రోకేష్,స్ట్రోక్స్
sdhalamunaku,స్థలమునకు,స్థలమముకు,స్థలమునకు
slooveeniyaa,స్లోవేనియా,స్లోవినియా,స్లోవేనియా
sloveenia,స్లోవేనియా,స్లోవినియా,స్లోవేనియా
slovenia,స్లోవేనియా,స్లోవైనియా,స్లోవేనియా
sloveniya,స్లోవేనియా,స్లోవినియా,స్లోవేనియా
sloveniyaa,స్లోవేనియా,స్లోవినియా,స్లోవేనియా
svasthalaalaku,స్వస్థలాలకు,స్వస్థలలకు,స్వస్థలాలకు
halvaa,హల్వా,హా్వా,హల్వా
halwaa,హల్వా,హాల్వా,హల్వా
hastal,హాస్టల్,హస్తాల్,హాస్టల్
